feature,tf,idf,tf-idf
hindi,0.3384741474776273,3.388422942163008,1.1468935666422577
na,0.22997318339353348,2.3022331734934554,0.529451891822487
ako,0.3571314452880786,3.575198849306343,1.2768159322450499
bibili,0.5889396752646144,5.895802447803067,3.4722719790334575
nito,0.5984603379462969,5.991112627607392,3.585443287792247
